Name,GPA,Exam_Results,Admission_Status,Number_of_Dependents,Parent_Employment_Status
Felipe Suarez,3.15,93,Rejected,2,Unemployed
Teresa Abel,2.87,68,Accepted,4,Employed
Juana Morales,2.83,82,Rejected,3,Self-Employed
Jelian Bautista,3.55,93,Waitlisted,5,Employed
Diana Herrera,2.98,88,Rejected,5,Self-Employed
Art Fernandez,2.42,72,Rejected,6,Employed
Sofia Salazar,2.93,96,Accepted,2,Unemployed
Jose Villanueva,3.43,95,Waitlisted,5,Self-Employed
Leya Revilla,3.5,97,Rejected,2,Unemployed
Clara Dela Cruz,2.05,83,Rejected,1,Self-Employed
Jose Flores,2.04,85,Accepted,5,Employed
Nadine Lucero,3.33,86,Rejected,1,Self-Employed
Sofia Rema,2.87,66,Rejected,3,Self-Employed
Leya Villanueva,2.93,90,Waitlisted,5,Unemployed
Maria Umali,3.21,76,Accepted,1,Self-Employed
Jelian Sebuc,2.49,100,Rejected,3,Unemployed
Nicolas Herrera,2.34,60,Rejected,1,Self-Employed
Hugo Alvarez,2.36,98,Waitlisted,6,Employed
Francisca Zoleta,2.68,88,Rejected,3,Self-Employed
Irene Santiago,2.3,96,Rejected,3,Employed
Felipe Romero,3.86,89,Accepted,6,Unemployed
Fernando Mendoza,3.84,75,Rejected,1,Self-Employed
Elena Fuentes,2.74,80,Rejected,3,Self-Employed
Lucia Reyes,3.78,61,Waitlisted,4,Employed
Oscar Jimenez,3.41,72,Accepted,1,Employed
Nicolas Suarez,2.71,81,Waitlisted,1,Employed
Estrella Jimenez,2.85,64,Accepted,4,Self-Employed
Alexie Delgado,2.49,70,Accepted,3,Unemployed
Victor Guerrero,2.79,93,Accepted,3,Unemployed
Rico Salazar,2.63,75,Accepted,5,Unemployed
Pedro Abel,3.88,97,Waitlisted,1,Unemployed
Marta Ortega,2.26,94,Accepted,3,Unemployed
Carlos Garza,3.59,100,Accepted,2,Employed
Ramon Mendoza,3.6,81,Waitlisted,4,Unemployed
Pedro Lopez,3.28,90,Waitlisted,6,Unemployed
Rosario Andres,2.16,76,Accepted,3,Unemployed
Hugo Herrera,2.85,67,Rejected,4,Unemployed
Jomer Salazar,3.36,94,Accepted,6,Self-Employed
Felipe Herrera,2.65,85,Accepted,4,Self-Employed
Raul Bautista,3.75,83,Rejected,3,Employed
Antonio Dominguez,3.85,92,Waitlisted,5,Unemployed
Andres Cruz,2.8,78,Waitlisted,4,Unemployed
Juana Gonzales,3.98,61,Rejected,6,Self-Employed
Eduardo Navarro,3.07,72,Accepted,5,Unemployed
Leya Gutierrez,2.29,73,Accepted,4,Employed
Milagros Pacheco,2.1,76,Rejected,5,Unemployed
Andres Aguilar,2.86,81,Waitlisted,5,Employed
Maria Villanueva,3.61,100,Rejected,5,Self-Employed
Angela Raya,2.49,74,Waitlisted,1,Unemployed
Gabriela Dominguez,2.6,79,Waitlisted,5,Unemployed
Hugo Ortega,3.38,63,Rejected,2,Self-Employed
Nicolas Mendoza,2.08,69,Accepted,4,Employed
Jomer Abricia,2.25,73,Accepted,3,Employed
Shaane Garza,3.97,91,Accepted,3,Unemployed
Juana Vargas,3.06,94,Waitlisted,6,Self-Employed
Arron Figueroa,2.49,93,Rejected,1,Employed
Maria Gutierrez,2.28,72,Waitlisted,1,Employed
Francisca Mendoza,2.32,92,Rejected,1,Unemployed
Irene Sebuc,3.77,96,Waitlisted,4,Unemployed
Shaane Lucero,3.08,92,Accepted,4,Unemployed
Beatriz Morales,2.16,83,Waitlisted,6,Unemployed
Manuel Alan,2.83,75,Accepted,6,Unemployed
Raul Morales,3.53,74,Waitlisted,4,Employed
Victor Alvarez,2.51,65,Rejected,6,Employed
Patricia Cabrera,2.12,66,Rejected,6,Self-Employed
Clara Manalo,2.89,94,Accepted,4,Self-Employed
Beatriz Cruz,2.99,64,Accepted,3,Employed
Clara Castillo,3.14,74,Accepted,3,Self-Employed
Angela Rojas,3.53,75,Accepted,3,Unemployed
Marta Delgado,2.29,75,Waitlisted,2,Employed
Jorge Fuentes,3.51,99,Accepted,4,Unemployed
Beatriz Vargas,3.86,68,Accepted,3,Employed
Francisca Andres,3.1,94,Rejected,4,Self-Employed
Antonio Fuentes,2.73,76,Waitlisted,6,Employed
Rico Reyes,2.27,97,Rejected,4,Employed
Alberto Dominguez,3.88,100,Accepted,6,Employed
Fernando Umali,2.05,71,Rejected,6,Self-Employed
Antonio Reyes,2.12,97,Rejected,6,Unemployed
Patricia Aguilar,2.21,94,Accepted,4,Unemployed
Roberto Salazar,2.54,90,Rejected,1,Unemployed
Alexie Mendoza,2.36,70,Accepted,6,Unemployed
Gabriela Fernandez,2.53,86,Accepted,3,Employed
Eduardo Suarez,3.94,70,Waitlisted,5,Self-Employed
Jelian Dela Cruz,3.35,100,Waitlisted,2,Self-Employed
Juan Salazar,3.44,69,Waitlisted,3,Employed
Ricardo Gutierrez,3.49,67,Waitlisted,2,Self-Employed
Angela Natividad,3.2,82,Rejected,5,Employed
Alexie Natividad,2.97,60,Rejected,5,Employed
Andres Castro,2.71,84,Accepted,3,Employed
Shaane Mendoza,2.16,84,Rejected,2,Employed
Carmen Gonzales,3.65,89,Waitlisted,1,Self-Employed
Victor Ramos,2.3,66,Rejected,4,Self-Employed
Alexie Pacheco,3.88,77,Accepted,6,Unemployed
Lucia Cruz,3.66,76,Waitlisted,6,Self-Employed
Antonio Cabrera,2.94,83,Rejected,5,Employed
Francisca Cabrera,2.85,94,Waitlisted,2,Unemployed
Juan Castillo,3.28,68,Rejected,5,Unemployed
Angela Cruz,3.53,64,Accepted,4,Self-Employed
Belen Villanueva,2.98,80,Rejected,3,Employed
Oscar Reyes,3.73,71,Rejected,5,Unemployed
Gloria Revilla,2.15,87,Accepted,3,Employed
Teresa Morales,2.99,87,Accepted,5,Self-Employed
Pablo Bautista,2.64,77,Accepted,5,Employed
Roberto Vargas,3.84,92,Accepted,2,Unemployed
Carmen Zoleta,3.09,63,Accepted,5,Unemployed
Leya Salazar,2.14,82,Accepted,6,Unemployed
Ramon Natividad,3.79,92,Waitlisted,3,Self-Employed
Felipe Delgado,3.19,73,Accepted,6,Unemployed
Rosario Gutierrez,3.8,74,Accepted,1,Employed
Antonio Vargas,2.25,64,Waitlisted,1,Self-Employed
Raul Medina,3.25,80,Waitlisted,3,Employed
Alexie Villanueva,2.65,80,Rejected,3,Unemployed
Teresa Gonzales,2.91,64,Waitlisted,1,Unemployed
Alexie Fernandez,2.23,95,Waitlisted,2,Self-Employed
Nicolas Aguilar,2.36,80,Accepted,4,Self-Employed
Art Villanueva,3.67,89,Accepted,6,Unemployed
Sofia Aguilar,3.32,71,Accepted,2,Self-Employed
Oscar Castro,3.46,66,Waitlisted,5,Self-Employed
Roberto Umali,2.89,72,Rejected,4,Employed
Nicolas Fernandez,3.45,63,Waitlisted,6,Unemployed
Leya Castro,2.71,72,Accepted,5,Self-Employed
Jose Santiago,3.09,69,Rejected,3,Employed
Luis Revilla,2.21,70,Rejected,3,Self-Employed
Arron Rojas,2.97,94,Rejected,1,Self-Employed
Leonardo Castillo,2.23,97,Accepted,5,Unemployed
Ramon Castillo,3.31,99,Waitlisted,6,Self-Employed
Juana Castillo,2.47,75,Rejected,6,Self-Employed
Isabel Guerrero,2.7,62,Rejected,5,Employed
Angela Cruz,2.78,95,Accepted,1,Unemployed
Eduardo Reyes,3.17,72,Waitlisted,6,Unemployed
Carlos Manalo,2.57,81,Accepted,6,Self-Employed
Shaane Ramirez,2.83,79,Waitlisted,5,Employed
Shaane Guerrero,2.79,96,Accepted,6,Employed
Juana Castro,2.14,83,Accepted,1,Employed
Francisca Dominguez,3.53,88,Rejected,5,Self-Employed
Carmen Dominguez,3.79,96,Rejected,3,Employed
Oscar Santos,2.72,97,Rejected,5,Employed
Raul Gutierrez,3.57,74,Waitlisted,3,Unemployed
Hector Reyes,3.27,94,Accepted,5,Employed
Ashley Romero,2.75,91,Rejected,6,Employed
Olga Lopez,2.42,73,Accepted,6,Employed
Gloria Bautista,3.61,64,Rejected,4,Self-Employed
Jorge Flores,2.58,70,Accepted,2,Employed
Leya Navarro,3.46,63,Rejected,3,Employed
Gloria Santiago,3.92,77,Rejected,3,Employed
Ramon Lucero,3.51,67,Accepted,6,Employed
Fernando Dela Cruz,3.21,75,Waitlisted,2,Unemployed
Jorge Raya,3.72,90,Rejected,2,Unemployed
Milagros Reyes,3.18,75,Accepted,3,Employed
Dolores Castillo,3.29,80,Accepted,4,Employed
Juan Cruz,2.01,63,Rejected,5,Self-Employed
Ashley Fernandez,3.27,75,Accepted,6,Self-Employed
Elena Castro,2.72,85,Rejected,1,Unemployed
Rosario Flores,3.83,69,Waitlisted,2,Employed
Leonardo Abel,2.35,68,Rejected,5,Self-Employed
Rosario Salazar,3.67,81,Accepted,3,Unemployed
Sofia Castro,3.03,88,Waitlisted,6,Unemployed
Nicolas Santos,2.85,75,Rejected,2,Employed
Maria Castillo,2.99,81,Accepted,4,Employed
Hector Cruz,2.42,87,Waitlisted,4,Self-Employed
Gloria Dominguez,2.9,98,Rejected,5,Employed
Djojemar Salazar,2.55,74,Accepted,2,Employed
Elena Sebuc,3.79,86,Waitlisted,5,Employed
Eduardo Medina,2.43,63,Waitlisted,5,Self-Employed
Clara Dominguez,3.13,90,Rejected,3,Unemployed
Jelian Dominguez,2.71,77,Waitlisted,4,Self-Employed
Shaane Ramos,3.8,71,Rejected,5,Unemployed
Clara Vargas,3.03,87,Waitlisted,4,Employed
Diana Alvarez,2.43,60,Rejected,4,Self-Employed
Milagros Santos,2.51,96,Rejected,2,Unemployed
Fernando Castillo,3.36,81,Waitlisted,2,Self-Employed
Djojemar Vargas,3.16,100,Waitlisted,5,Self-Employed
Jose Castro,2.81,78,Rejected,3,Unemployed
Patricia Castro,3.71,63,Accepted,6,Self-Employed
Irene Gonzales,2.26,82,Waitlisted,4,Employed
Pablo Torres,3.79,60,Rejected,6,Employed
Pablo Dominguez,2.76,97,Rejected,2,Self-Employed
Antonio Revilla,3.14,93,Waitlisted,4,Unemployed
Felipe Aguilar,3.78,99,Waitlisted,4,Employed
Maria Andres,2.46,80,Rejected,1,Employed
Olga Santiago,3.22,69,Accepted,5,Self-Employed
Carlos Herrera,2.42,64,Accepted,1,Self-Employed
Ricardo Mendoza,3.69,73,Rejected,4,Self-Employed
Andres Morales,3.6,95,Accepted,3,Unemployed
Andres Silva,2.3,73,Waitlisted,5,Employed
Milagros Santiago,2.52,60,Waitlisted,3,Employed
Gabriela Medina,2.03,80,Rejected,3,Unemployed
Nicolas Suarez,2.69,64,Waitlisted,3,Self-Employed
Estrella Abel,3.96,96,Rejected,5,Employed
Elena Santos,2.63,88,Waitlisted,1,Self-Employed
Antonio Herrera,3.94,71,Rejected,2,Employed
Alberto Morales,2.94,87,Waitlisted,1,Employed
Nicolas Dominguez,3.89,100,Waitlisted,1,Employed
Antonio Cruz,3.2,62,Rejected,1,Employed
Roberto Lucero,3.44,63,Rejected,5,Employed
Milagros Herrera,2.91,95,Waitlisted,4,Unemployed
Manuel Sebuc,3.76,90,Waitlisted,2,Self-Employed
Juana Pacheco,3.75,90,Waitlisted,5,Self-Employed
Isabel Dela Cruz,3.69,96,Accepted,6,Self-Employed
Antonio Aguilar,2.33,98,Accepted,3,Employed
Lucia Andres,2.88,75,Rejected,1,Unemployed
Victor Reyes,2.18,77,Rejected,4,Employed
Ramon Andres,2.68,81,Rejected,4,Unemployed
Dolores Herrera,2.21,96,Rejected,4,Self-Employed
Gabriela Herrera,2.66,80,Rejected,1,Unemployed
Juan Alan,2.31,66,Waitlisted,6,Employed
Ramon Andres,3.35,96,Waitlisted,2,Employed
Victor Herrera,2.24,94,Rejected,3,Self-Employed
Alberto Ramirez,3.44,83,Waitlisted,2,Unemployed
Luis Mendoza,3.26,77,Waitlisted,4,Self-Employed
Ashley Ortega,3.59,65,Rejected,3,Employed
Felipe Santiago,3.76,61,Waitlisted,2,Employed
Andres Reyes,3.29,96,Rejected,4,Unemployed
Carlos Castillo,3.1,74,Waitlisted,3,Employed
Sofia Alvarez,3.64,91,Accepted,1,Employed
Eduardo Lucero,2.75,73,Waitlisted,6,Employed
Estrella Castillo,3.44,83,Accepted,4,Self-Employed
Ricardo Herrera,2.96,70,Accepted,6,Unemployed
Felipe Umali,3.26,95,Waitlisted,2,Employed
Leonardo Manalo,2.37,91,Waitlisted,4,Self-Employed
Pablo Manalo,3.48,77,Accepted,6,Self-Employed
Belen Castro,3.1,67,Accepted,6,Employed
Alexie Dominguez,2.76,81,Accepted,1,Employed
Francisca Reyes,3.91,71,Accepted,1,Unemployed
Beatriz Ramos,2.18,97,Rejected,2,Unemployed
Roberto Cruz,3.49,82,Waitlisted,3,Self-Employed
Oscar Ramirez,2.96,68,Rejected,5,Employed
Jorge Lucero,2.19,93,Rejected,4,Self-Employed
Eduardo Natividad,3.51,93,Rejected,4,Self-Employed
Estrella Santiago,2.52,73,Waitlisted,6,Self-Employed
Carmen Gonzales,3.0,60,Accepted,1,Self-Employed
Jorge Silva,2.85,63,Accepted,2,Unemployed
Jelian Abel,3.14,95,Waitlisted,1,Employed
Antonio Cruz,2.29,60,Waitlisted,2,Employed
Eduardo Vargas,2.97,72,Waitlisted,5,Employed
Carlos Torres,3.2,81,Accepted,4,Unemployed
Felipe Cabrera,3.1,87,Rejected,3,Employed
Ramon Ramos,2.41,72,Accepted,2,Unemployed
Isabel Gonzales,2.5,98,Rejected,2,Self-Employed
Leonardo Vargas,2.37,76,Accepted,4,Employed
Juana Herrera,3.24,66,Waitlisted,3,Self-Employed
Marta Rojas,2.48,65,Rejected,2,Self-Employed
Dolores Delgado,3.53,91,Waitlisted,4,Self-Employed
Leonardo Dominguez,3.73,72,Rejected,2,Unemployed
Nicolas Herrera,3.58,71,Accepted,3,Unemployed
Maria Cabrera,2.28,71,Waitlisted,1,Employed
Milagros Vargas,3.29,88,Rejected,3,Self-Employed
Francisca Dela Cruz,2.75,70,Waitlisted,5,Unemployed
Felipe Umali,3.43,97,Rejected,4,Self-Employed
Milagros Natividad,3.67,94,Rejected,1,Unemployed
Leonardo Fernandez,3.46,92,Waitlisted,3,Employed
Raul Castillo,2.24,67,Accepted,6,Unemployed
Maria Mendoza,2.71,63,Rejected,3,Unemployed
Milagros Silva,3.39,98,Waitlisted,6,Self-Employed
Clara Cabuyao,2.19,99,Waitlisted,1,Employed
Arron Gutierrez,2.16,92,Waitlisted,6,Self-Employed
Irene Sebuc,2.67,75,Waitlisted,3,Self-Employed
Olga Herrera,3.06,68,Waitlisted,5,Employed
Felipe Fernandez,3.32,84,Rejected,3,Employed
Beatriz Manalo,2.54,87,Rejected,3,Employed
Olga Gutierrez,2.87,83,Waitlisted,1,Unemployed
Dolores Umali,3.1,82,Accepted,2,Unemployed
Leya Abel,2.17,62,Rejected,5,Unemployed
Alberto Rema,2.4,66,Accepted,2,Self-Employed
Juan Aguilar,2.72,60,Waitlisted,2,Self-Employed
Eduardo Natividad,2.35,94,Rejected,5,Employed
Jose Romero,3.13,72,Waitlisted,1,Employed
Ricardo Castro,3.65,66,Waitlisted,5,Self-Employed
Roberto Cruz,3.15,83,Accepted,4,Self-Employed
Estrella Cabrera,2.4,73,Accepted,5,Employed
Shaane Zoleta,3.79,66,Rejected,3,Self-Employed
Marina Mendoza,2.46,95,Accepted,6,Employed
Dolores Morales,3.38,92,Accepted,6,Unemployed
Marta Cabrera,3.65,96,Rejected,1,Self-Employed
Marta Dominguez,2.91,72,Rejected,3,Self-Employed
Jorge Aguilar,3.29,98,Accepted,1,Employed
Leonardo Suarez,3.41,84,Waitlisted,4,Employed
Ramon Castillo,3.3,68,Rejected,6,Employed
Olga Raya,3.38,66,Rejected,6,Self-Employed
Rosario Dominguez,2.71,94,Waitlisted,2,Unemployed
Fernando Umali,2.94,92,Waitlisted,3,Self-Employed
Hugo Aguilar,3.36,70,Waitlisted,6,Employed
Irene Vargas,3.21,68,Accepted,5,Self-Employed
Belen Vargas,2.3,82,Waitlisted,1,Self-Employed
Irene Pacheco,3.36,69,Waitlisted,1,Unemployed
Shaane Navarro,3.28,68,Waitlisted,1,Unemployed
Francisca Herrera,3.79,83,Rejected,1,Self-Employed
Leonardo Alan,3.61,79,Accepted,4,Self-Employed
Jomer Fernandez,2.96,63,Rejected,3,Employed
Jelian Reyes,2.01,77,Rejected,1,Employed
Andres Raya,2.88,78,Rejected,2,Self-Employed
Oscar Dominguez,2.58,89,Accepted,6,Self-Employed
Jorge Manalo,3.44,67,Rejected,2,Unemployed
Marta Silva,2.92,68,Accepted,6,Unemployed
Nicolas Herrera,2.43,67,Waitlisted,5,Unemployed
Dolores Reyes,2.39,91,Waitlisted,6,Employed
Beatriz Dominguez,2.8,77,Waitlisted,3,Self-Employed
Diana Gutierrez,3.9,71,Rejected,5,Unemployed
Jorge Suarez,2.93,80,Waitlisted,1,Self-Employed
Hector Guerrero,2.01,86,Rejected,1,Self-Employed
Isabel Mendoza,2.64,89,Accepted,5,Unemployed
Rosario Abel,3.24,89,Rejected,5,Self-Employed
Oscar Reyes,3.34,74,Rejected,5,Unemployed
Djojemar Jimenez,2.79,86,Rejected,6,Employed
Angela Dominguez,3.21,73,Rejected,3,Employed
Art Mendoza,2.88,76,Waitlisted,3,Employed
Gabriela Herrera,3.62,83,Accepted,4,Self-Employed
Roberto Delgado,3.53,66,Rejected,3,Employed
Juana Flores,3.88,65,Waitlisted,3,Employed
Jorge Reyes,3.53,81,Accepted,1,Employed
Teresa Umali,2.58,78,Accepted,5,Unemployed
Jose Medina,2.85,91,Waitlisted,2,Employed
Nicolas Delgado,2.27,60,Accepted,4,Employed
Hector Cabuyao,2.14,69,Accepted,3,Unemployed
Juan Zoleta,3.32,93,Rejected,6,Unemployed
Marta Morales,3.5,89,Rejected,1,Employed
Manuel Navarro,2.25,80,Accepted,4,Self-Employed
Diana Dominguez,3.77,89,Waitlisted,6,Employed
Roberto Ramos,3.05,62,Rejected,3,Self-Employed
Clara Cabrera,3.77,96,Waitlisted,2,Self-Employed
Gloria Torres,3.33,75,Accepted,6,Employed
Gloria Rojas,2.95,61,Accepted,6,Self-Employed
Pedro Garza,2.12,81,Accepted,1,Self-Employed
Isabel Rema,3.46,65,Accepted,2,Self-Employed
Olga Morales,3.9,62,Rejected,6,Unemployed
Belen Castillo,2.23,99,Rejected,3,Self-Employed
Angela Herrera,2.42,81,Rejected,6,Self-Employed
Hector Mendoza,2.85,93,Rejected,1,Self-Employed
Jelian Revilla,2.83,64,Accepted,4,Unemployed
Raul Torres,2.61,63,Accepted,5,Unemployed
Alberto Vargas,3.88,77,Waitlisted,5,Unemployed
Teresa Bautista,2.69,79,Waitlisted,6,Self-Employed
Jomer Lucero,3.21,91,Rejected,6,Self-Employed
Francisca Ramirez,3.86,96,Waitlisted,6,Employed
Manuel Silva,2.75,75,Accepted,6,Employed
Alberto Umali,3.8,92,Rejected,6,Employed
Hugo Alvarez,2.01,74,Rejected,1,Employed
Djojemar Morales,2.4,90,Accepted,4,Self-Employed
Dolores Zoleta,3.41,98,Waitlisted,5,Unemployed
Patricia Abel,3.46,73,Accepted,3,Unemployed
Nadine Santos,3.87,63,Accepted,2,Employed
Olga Fernandez,3.87,65,Accepted,3,Unemployed
Marta Mendoza,2.51,79,Rejected,1,Employed
Lucia Ortega,2.76,89,Accepted,3,Employed
Hugo Raya,2.98,82,Waitlisted,2,Unemployed
Luis Alan,2.45,69,Accepted,3,Unemployed
Andres Abel,2.2,75,Accepted,4,Employed
Sofia Salazar,2.83,60,Accepted,4,Employed
Isabel Ramos,3.02,99,Accepted,2,Employed
Ramon Ortega,3.56,86,Accepted,3,Unemployed
Gabriela Ramos,2.13,61,Accepted,6,Unemployed
Sofia Mendoza,2.03,88,Rejected,6,Unemployed
Jorge Jimenez,3.87,78,Accepted,3,Unemployed
Pablo Reyes,3.19,71,Accepted,6,Self-Employed
Lucia Vargas,2.97,86,Accepted,5,Employed
Ashley Ortega,3.7,62,Rejected,6,Self-Employed
Hector Castillo,3.59,66,Waitlisted,3,Employed
Jorge Vargas,2.86,74,Waitlisted,1,Self-Employed
Belen Silva,3.51,90,Rejected,3,Self-Employed
Andres Reyes,2.91,100,Waitlisted,1,Self-Employed
Angela Umali,3.51,82,Accepted,6,Employed
Juana Fuentes,2.06,100,Waitlisted,2,Unemployed
Lucia Torres,3.87,94,Rejected,1,Unemployed
Carlos Fernandez,2.29,87,Rejected,5,Self-Employed
Alexie Torres,2.97,68,Rejected,1,Unemployed
Teresa Fuentes,2.3,74,Accepted,1,Self-Employed
Juana Ramirez,2.84,66,Waitlisted,5,Employed
Carmen Vargas,3.92,72,Rejected,5,Self-Employed
Ashley Alan,2.16,83,Waitlisted,4,Employed
Leonardo Lopez,3.91,83,Waitlisted,5,Employed
Francisca Dominguez,3.91,90,Waitlisted,3,Unemployed
Marina Villanueva,3.98,76,Waitlisted,5,Employed
Jomer Sebuc,2.19,65,Accepted,6,Unemployed
Beatriz Guerrero,3.2,61,Rejected,2,Unemployed
Sofia Revilla,3.01,84,Waitlisted,4,Employed
Jorge Lucero,3.8,86,Accepted,4,Unemployed
Nadine Silva,3.86,96,Accepted,6,Unemployed
Rosario Bautista,3.83,89,Accepted,4,Employed
Patricia Alan,2.77,61,Waitlisted,5,Employed
Pedro Villanueva,2.28,68,Waitlisted,6,Unemployed
Olga Cruz,2.86,82,Rejected,1,Self-Employed
Patricia Silva,3.54,75,Rejected,2,Employed
Victor Gutierrez,3.61,99,Waitlisted,4,Unemployed
Hugo Dominguez,2.34,79,Rejected,3,Employed
Sofia Delgado,2.18,73,Accepted,4,Employed
Shaane Torres,3.6,71,Accepted,5,Unemployed
Irene Romero,3.3,81,Rejected,2,Employed
Juana Herrera,3.46,66,Accepted,1,Employed
Gloria Torres,2.44,81,Accepted,1,Unemployed
Antonio Manalo,3.74,75,Waitlisted,3,Unemployed
Rico Villanueva,2.83,71,Accepted,1,Self-Employed
Carmen Santiago,3.17,94,Rejected,1,Employed
Francisca Medina,3.01,73,Accepted,2,Self-Employed
Hugo Pacheco,2.19,84,Rejected,1,Employed
Jorge Bautista,2.64,83,Rejected,6,Unemployed
Jorge Medina,3.47,75,Accepted,2,Self-Employed
Carlos Reyes,2.86,70,Waitlisted,6,Self-Employed
Art Morales,2.69,92,Rejected,1,Self-Employed
Nicolas Herrera,3.46,95,Accepted,2,Employed
Hector Guerrero,2.29,99,Rejected,6,Unemployed
Dolores Cabrera,3.79,97,Rejected,2,Self-Employed
Felipe Gutierrez,3.1,91,Rejected,3,Unemployed
Jose Guerrero,2.67,63,Accepted,5,Employed
Marta Gutierrez,2.34,88,Rejected,1,Self-Employed
Milagros Gutierrez,2.06,98,Accepted,6,Employed
Patricia Guerrero,3.17,85,Waitlisted,2,Employed
Carmen Lopez,2.49,96,Accepted,1,Unemployed
Eduardo Fernandez,3.21,73,Waitlisted,5,Unemployed
Juana Fernandez,3.18,68,Rejected,3,Self-Employed
Gloria Cabrera,3.1,85,Waitlisted,5,Employed
Milagros Flores,3.14,76,Rejected,4,Self-Employed
Gloria Cabuyao,3.57,97,Waitlisted,4,Unemployed
Leonardo Dominguez,3.7,89,Waitlisted,4,Self-Employed
Beatriz Vargas,2.28,62,Rejected,1,Self-Employed
Raul Herrera,3.22,86,Rejected,2,Unemployed
Manuel Castillo,3.36,69,Waitlisted,4,Self-Employed
Leonardo Andres,2.91,71,Waitlisted,3,Unemployed
Estrella Vargas,2.02,93,Accepted,3,Self-Employed
Juana Guerrero,3.89,100,Waitlisted,1,Employed
Rosario Fuentes,2.81,87,Accepted,1,Self-Employed
Oscar Santos,3.47,61,Accepted,4,Unemployed
Victor Navarro,2.41,70,Accepted,2,Self-Employed
Estrella Suarez,2.06,66,Waitlisted,1,Self-Employed
Dolores Dominguez,3.88,93,Waitlisted,3,Unemployed
Ricardo Delgado,2.48,63,Rejected,5,Self-Employed
Manuel Raya,2.19,95,Rejected,6,Self-Employed
Gabriela Dominguez,3.8,83,Waitlisted,6,Employed
Carmen Vargas,3.41,97,Accepted,2,Unemployed
Diana Aguilar,2.46,72,Rejected,4,Employed
Arron Ortega,3.54,98,Rejected,6,Employed
Pedro Raya,2.65,81,Accepted,6,Employed
Leonardo Aguilar,3.76,61,Accepted,1,Unemployed
Jelian Cabrera,3.8,63,Waitlisted,5,Employed
Belen Fernandez,2.53,80,Waitlisted,6,Employed
Isabel Morales,3.67,78,Accepted,1,Self-Employed
Teresa Abricia,3.57,62,Accepted,2,Employed
Carmen Revilla,2.87,99,Rejected,5,Self-Employed
Beatriz Castillo,3.81,78,Waitlisted,6,Employed
Pedro Cabuyao,3.82,66,Accepted,6,Employed
Jose Alvarez,3.83,81,Waitlisted,2,Self-Employed
Antonio Santos,3.56,63,Waitlisted,1,Employed
Pablo Jimenez,3.22,68,Waitlisted,3,Employed
Isabel Cabuyao,2.61,97,Rejected,4,Employed
Rosario Rema,3.76,65,Waitlisted,6,Employed
Hugo Dominguez,2.93,73,Accepted,5,Unemployed
Estrella Revilla,2.09,64,Waitlisted,4,Employed
Shaane Cabrera,2.64,98,Rejected,3,Employed
Art Cabuyao,2.58,82,Accepted,1,Unemployed
Arron Salazar,3.89,76,Rejected,5,Self-Employed
Ashley Lucero,2.08,68,Waitlisted,1,Unemployed
Ricardo Morales,2.13,98,Waitlisted,5,Employed
Maria Rema,3.89,92,Accepted,5,Self-Employed
Jelian Manalo,2.04,87,Waitlisted,4,Employed
Milagros Castillo,2.23,73,Waitlisted,4,Employed
Art Delgado,3.13,99,Waitlisted,5,Employed
Estrella Herrera,3.29,88,Waitlisted,3,Employed
Marta Alan,2.83,93,Rejected,2,Employed
Milagros Abricia,3.97,92,Rejected,3,Unemployed
Alberto Herrera,3.27,69,Waitlisted,3,Unemployed
Angela Zoleta,3.31,87,Waitlisted,1,Self-Employed
Gloria Suarez,3.14,97,Rejected,2,Self-Employed
Luis Mendoza,2.3,91,Accepted,2,Self-Employed
Hector Medina,3.87,61,Rejected,5,Self-Employed
Djojemar Ortega,3.72,81,Accepted,5,Self-Employed
Leonardo Guerrero,2.72,81,Accepted,6,Unemployed
Maria Raya,2.64,79,Rejected,4,Unemployed
Jomer Cabuyao,3.84,80,Rejected,4,Unemployed
Maria Medina,3.14,66,Rejected,4,Unemployed
Leya Alvarez,3.19,81,Rejected,3,Employed
Eduardo Torres,2.3,94,Waitlisted,4,Unemployed
Jorge Herrera,2.46,71,Accepted,4,Employed
Beatriz Zoleta,2.08,97,Rejected,4,Self-Employed
Estrella Raya,2.74,87,Rejected,2,Self-Employed
Beatriz Delgado,2.06,79,Rejected,2,Self-Employed
Leonardo Herrera,2.32,83,Waitlisted,6,Self-Employed
Ricardo Vargas,2.85,63,Waitlisted,2,Employed
Sofia Raya,3.62,66,Accepted,5,Employed
Marina Alan,2.04,71,Rejected,3,Self-Employed
Fernando Navarro,3.82,95,Accepted,1,Employed
Jose Salazar,2.08,72,Accepted,2,Employed
Patricia Alan,3.04,87,Accepted,1,Self-Employed
Elena Raya,3.73,99,Accepted,6,Employed
Victor Dela Cruz,2.78,61,Rejected,2,Employed
Maria Gonzales,2.2,77,Accepted,5,Self-Employed
Eduardo Abel,2.14,79,Accepted,2,Self-Employed
Marina Lucero,3.31,93,Rejected,5,Unemployed
Ricardo Silva,3.85,84,Accepted,2,Unemployed
Hector Ramos,2.69,82,Waitlisted,2,Unemployed
Ashley Fuentes,3.63,83,Rejected,4,Self-Employed
Raul Abricia,3.58,80,Rejected,1,Self-Employed
Ashley Alvarez,3.57,75,Accepted,4,Unemployed
Belen Santiago,3.34,91,Waitlisted,6,Unemployed
Nadine Navarro,2.92,67,Rejected,4,Unemployed
Ashley Castillo,2.2,66,Accepted,1,Unemployed
Marta Raya,2.32,83,Accepted,5,Unemployed
Eduardo Suarez,2.69,65,Rejected,4,Unemployed
Maria Castillo,2.22,86,Waitlisted,3,Unemployed
Sofia Cabrera,3.67,65,Accepted,3,Unemployed
Pedro Andres,3.06,69,Rejected,5,Unemployed
Gabriela Fernandez,3.4,67,Rejected,3,Employed
Nadine Silva,3.81,94,Waitlisted,6,Self-Employed
Alberto Castro,2.48,63,Waitlisted,3,Employed
Marina Rema,3.47,74,Waitlisted,6,Employed
Isabel Romero,3.49,92,Accepted,3,Employed
Maria Andres,3.71,87,Waitlisted,1,Self-Employed
Marta Morales,2.51,81,Accepted,6,Unemployed
Sofia Reyes,3.88,98,Accepted,5,Self-Employed
Estrella Ramirez,2.57,93,Rejected,3,Employed
Nadine Garza,2.85,80,Waitlisted,3,Self-Employed
Elena Cabuyao,3.91,88,Waitlisted,1,Unemployed
Irene Rojas,3.85,71,Accepted,5,Self-Employed
Juana Andres,3.02,77,Waitlisted,1,Unemployed
Luis Lopez,3.32,63,Waitlisted,3,Self-Employed
Clara Alvarez,3.08,93,Waitlisted,4,Unemployed
Antonio Navarro,3.25,94,Accepted,3,Employed
Alberto Bautista,2.54,71,Rejected,5,Self-Employed
Jorge Natividad,2.97,68,Accepted,4,Employed
Teresa Cabrera,3.47,75,Rejected,3,Self-Employed
Leonardo Castillo,3.26,74,Accepted,3,Unemployed
Shaane Gutierrez,2.21,97,Waitlisted,1,Unemployed
Art Herrera,3.18,73,Accepted,4,Self-Employed
Djojemar Dominguez,3.74,99,Waitlisted,4,Self-Employed
Roberto Sebuc,2.39,71,Waitlisted,6,Employed
Nadine Gutierrez,3.04,69,Accepted,3,Self-Employed
Luis Rema,2.31,75,Accepted,5,Self-Employed
Patricia Raya,2.86,77,Rejected,3,Unemployed
Jomer Cabrera,3.96,75,Waitlisted,5,Unemployed
Nadine Silva,2.28,69,Accepted,3,Unemployed
Maria Rojas,2.41,85,Accepted,1,Employed
Patricia Torres,2.18,93,Accepted,4,Unemployed
Roberto Natividad,2.8,85,Accepted,6,Unemployed
Djojemar Silva,3.08,99,Rejected,6,Employed
Francisca Gutierrez,2.69,97,Waitlisted,5,Unemployed
Jelian Zoleta,2.98,62,Rejected,2,Self-Employed
Carlos Dela Cruz,2.13,79,Waitlisted,5,Self-Employed
Teresa Garza,3.97,73,Waitlisted,2,Self-Employed
Lucia Raya,3.93,69,Rejected,6,Unemployed
Raul Flores,3.31,61,Waitlisted,2,Self-Employed
Ricardo Dominguez,3.25,70,Accepted,2,Self-Employed
Shaane Garza,3.17,63,Waitlisted,3,Unemployed
Lucia Lopez,2.38,97,Waitlisted,4,Employed
Raul Villanueva,2.87,76,Accepted,4,Self-Employed
Raul Manalo,3.12,80,Accepted,5,Self-Employed
Maria Ortega,3.85,75,Waitlisted,2,Employed
Rosario Ramos,3.31,85,Waitlisted,6,Unemployed
Olga Salazar,2.1,83,Waitlisted,4,Self-Employed
Milagros Garza,2.74,88,Accepted,1,Employed
Art Abel,3.45,66,Accepted,4,Unemployed
Leonardo Vargas,2.09,80,Rejected,5,Employed
Felipe Cabrera,3.92,64,Waitlisted,3,Self-Employed
Gabriela Guerrero,2.02,70,Accepted,2,Unemployed
Belen Flores,3.04,90,Accepted,4,Employed
Isabel Morales,3.95,79,Rejected,5,Employed
Eduardo Gutierrez,3.49,97,Rejected,2,Self-Employed
Victor Umali,2.43,83,Accepted,1,Employed
Gloria Sebuc,3.36,71,Accepted,4,Self-Employed
Francisca Vargas,2.73,66,Accepted,5,Self-Employed
Nicolas Alvarez,3.2,96,Accepted,5,Unemployed
Antonio Lucero,3.14,65,Accepted,5,Self-Employed
Carmen Pacheco,3.72,64,Rejected,3,Unemployed
Andres Romero,2.77,100,Rejected,4,Unemployed
Ramon Fernandez,2.54,75,Rejected,6,Unemployed
Andres Raya,2.15,80,Accepted,4,Self-Employed
Gloria Dominguez,2.68,65,Waitlisted,5,Self-Employed
Rico Umali,3.89,60,Accepted,6,Employed
Elena Jimenez,2.72,62,Waitlisted,3,Employed
Irene Santiago,2.8,93,Rejected,2,Unemployed
Ricardo Vargas,3.7,75,Rejected,5,Employed
Pedro Fuentes,3.85,61,Accepted,1,Unemployed
Shaane Abricia,2.48,67,Rejected,4,Employed
Marta Romero,2.27,76,Waitlisted,2,Employed
Irene Abel,2.15,64,Rejected,2,Self-Employed
Rico Revilla,2.32,94,Waitlisted,4,Self-Employed
Jomer Castillo,3.78,71,Waitlisted,2,Employed
Luis Fernandez,2.7,92,Waitlisted,2,Self-Employed
Carmen Umali,2.68,98,Accepted,3,Self-Employed
Sofia Herrera,2.59,99,Rejected,2,Self-Employed
Milagros Morales,2.92,85,Accepted,6,Employed
Jorge Natividad,3.61,63,Accepted,6,Employed
Luis Suarez,2.73,76,Accepted,5,Unemployed
Pedro Abricia,2.77,86,Rejected,3,Unemployed
Roberto Flores,2.51,88,Rejected,5,Unemployed
Juana Vargas,2.49,91,Accepted,2,Self-Employed
Raul Gonzales,2.79,83,Rejected,4,Unemployed
Antonio Garza,3.15,67,Accepted,2,Self-Employed
Sofia Abel,3.68,83,Waitlisted,1,Unemployed
Ricardo Cabrera,2.35,77,Waitlisted,6,Unemployed
Arron Dela Cruz,2.95,86,Rejected,5,Unemployed
Patricia Alvarez,2.94,78,Rejected,3,Employed
Francisca Garza,3.29,100,Rejected,5,Employed
Patricia Guerrero,3.41,72,Rejected,4,Employed
Pablo Guerrero,3.81,63,Waitlisted,5,Employed
Marta Navarro,3.07,72,Rejected,5,Self-Employed
Francisca Manalo,3.75,66,Accepted,4,Self-Employed
Luis Bautista,3.55,64,Waitlisted,4,Unemployed
Beatriz Santos,3.36,88,Accepted,6,Employed
Djojemar Fuentes,2.26,100,Rejected,1,Employed
Ashley Andres,3.3,84,Accepted,4,Self-Employed
Andres Morales,2.59,90,Waitlisted,3,Employed
Luis Revilla,2.43,87,Accepted,5,Self-Employed
Pablo Zoleta,2.76,70,Rejected,3,Employed
Jose Fernandez,2.35,66,Accepted,5,Self-Employed
Olga Aguilar,2.98,69,Rejected,4,Self-Employed
Marta Abel,2.75,68,Rejected,6,Self-Employed
Leya Romero,2.6,82,Rejected,5,Self-Employed
Maria Bautista,3.46,78,Rejected,6,Self-Employed
Olga Cabuyao,2.13,90,Accepted,5,Unemployed
Ricardo Pacheco,3.68,68,Waitlisted,1,Self-Employed
Carlos Dela Cruz,2.37,66,Rejected,2,Unemployed
Lucia Gonzales,3.0,80,Rejected,1,Self-Employed
Carlos Romero,2.62,69,Accepted,6,Employed
Jorge Guerrero,2.29,81,Accepted,3,Employed
Felipe Santiago,2.76,66,Waitlisted,1,Unemployed
Nicolas Pacheco,2.56,84,Waitlisted,6,Unemployed
Carlos Ortega,3.28,76,Waitlisted,5,Self-Employed
Hector Alvarez,2.9,84,Waitlisted,6,Self-Employed
Marta Lopez,3.23,90,Accepted,4,Unemployed
Alberto Andres,3.48,96,Waitlisted,3,Self-Employed
Belen Romero,2.65,100,Rejected,4,Self-Employed
Maria Sebuc,3.73,97,Accepted,6,Employed
Juan Alan,3.27,68,Rejected,2,Unemployed
Sofia Medina,3.34,90,Rejected,3,Employed
Felipe Garza,2.34,64,Rejected,4,Unemployed
Carmen Rojas,3.01,73,Waitlisted,2,Employed
Diana Ortega,2.63,78,Rejected,5,Employed
Irene Fuentes,2.35,79,Waitlisted,1,Self-Employed
Gabriela Suarez,2.54,68,Rejected,3,Unemployed
Elena Rojas,3.99,86,Rejected,2,Self-Employed
Manuel Zoleta,2.38,82,Waitlisted,5,Self-Employed
Jomer Dominguez,2.38,84,Accepted,1,Employed
Ramon Pacheco,3.92,94,Waitlisted,5,Self-Employed
Jose Vargas,3.71,74,Accepted,1,Employed
Marina Rojas,3.5,62,Accepted,5,Self-Employed
Teresa Rema,2.82,99,Rejected,4,Unemployed
Diana Umali,3.33,95,Waitlisted,6,Unemployed
Olga Gutierrez,3.59,76,Waitlisted,1,Self-Employed
Gloria Vargas,2.61,82,Waitlisted,5,Unemployed
Teresa Vargas,3.38,97,Waitlisted,6,Self-Employed
Gabriela Abricia,2.77,80,Waitlisted,2,Self-Employed
Maria Rojas,2.45,77,Accepted,6,Self-Employed
Shaane Natividad,3.63,68,Rejected,5,Unemployed
Fernando Cabuyao,2.04,94,Rejected,2,Self-Employed
Pedro Morales,2.44,62,Rejected,6,Self-Employed
Ramon Suarez,2.59,68,Waitlisted,1,Employed
Ashley Salazar,2.69,69,Accepted,4,Unemployed
Rico Fernandez,2.99,96,Rejected,1,Employed
Irene Zoleta,2.35,78,Rejected,2,Employed
Shaane Vargas,2.46,66,Accepted,4,Employed
Jomer Mendoza,2.43,71,Accepted,2,Employed
Ricardo Suarez,3.93,78,Waitlisted,1,Employed
Milagros Mendoza,3.94,80,Rejected,1,Self-Employed
Angela Dominguez,3.56,78,Accepted,4,Self-Employed
Andres Pacheco,2.8,69,Accepted,3,Employed
Jose Alvarez,2.35,78,Waitlisted,2,Unemployed
Manuel Zoleta,3.14,89,Accepted,1,Employed
Marta Salazar,2.32,78,Accepted,3,Self-Employed
Shaane Salazar,2.56,82,Accepted,4,Employed
Beatriz Villanueva,4.0,92,Rejected,6,Self-Employed
Elena Morales,2.63,83,Accepted,2,Self-Employed
Jomer Sebuc,3.57,89,Rejected,5,Employed
Jelian Sebuc,3.91,76,Rejected,2,Employed
Rosario Castillo,2.22,77,Waitlisted,1,Unemployed
Alexie Silva,2.67,91,Waitlisted,5,Self-Employed
Shaane Sebuc,2.65,87,Rejected,2,Unemployed
Rosario Manalo,3.79,91,Accepted,4,Employed
Leonardo Santos,2.65,97,Rejected,2,Employed
Victor Andres,2.08,76,Accepted,3,Employed
Roberto Castro,3.85,83,Accepted,6,Self-Employed
Roberto Ramos,3.86,74,Waitlisted,3,Employed
Jomer Guerrero,3.67,97,Rejected,6,Employed
Angela Morales,3.25,78,Waitlisted,5,Unemployed
Gloria Santos,3.29,64,Accepted,6,Self-Employed
Manuel Abel,2.63,72,Waitlisted,3,Self-Employed
Roberto Ramirez,2.3,63,Accepted,3,Employed
Irene Romero,2.25,80,Accepted,1,Employed
Isabel Manalo,2.87,86,Rejected,5,Unemployed
Irene Aguilar,2.67,74,Accepted,1,Self-Employed
Lucia Ramirez,2.51,69,Rejected,4,Self-Employed
Nadine Gutierrez,2.53,65,Waitlisted,1,Employed
Juana Silva,3.31,69,Waitlisted,5,Employed
Ramon Jimenez,4.0,80,Accepted,3,Employed
Hector Natividad,2.14,76,Rejected,3,Unemployed
Teresa Navarro,3.65,90,Waitlisted,3,Unemployed
Alberto Zoleta,3.04,69,Accepted,1,Unemployed
Arron Vargas,3.86,96,Accepted,3,Unemployed
Hugo Fernandez,3.78,96,Rejected,1,Self-Employed
Rico Fernandez,2.14,91,Rejected,6,Self-Employed
Irene Abel,3.38,86,Waitlisted,6,Self-Employed
Estrella Gutierrez,2.11,74,Rejected,3,Self-Employed
Jelian Dominguez,3.92,65,Rejected,2,Employed
Teresa Bautista,3.58,99,Rejected,2,Employed
Francisca Reyes,3.76,75,Rejected,3,Employed
Andres Sebuc,2.06,88,Accepted,4,Self-Employed
Djojemar Flores,3.89,97,Waitlisted,6,Unemployed
Alexie Manalo,2.25,81,Rejected,2,Self-Employed
Djojemar Rojas,3.54,69,Waitlisted,1,Self-Employed
Djojemar Sebuc,2.07,63,Waitlisted,1,Unemployed
Nadine Medina,2.35,74,Rejected,1,Unemployed
Antonio Abricia,2.53,77,Rejected,5,Self-Employed
Hector Santos,3.15,65,Rejected,6,Self-Employed
Marina Aguilar,2.84,66,Waitlisted,2,Unemployed
Fernando Dominguez,2.04,96,Rejected,2,Employed
Carmen Guerrero,2.6,87,Waitlisted,3,Employed
Luis Flores,3.63,89,Accepted,3,Unemployed
Fernando Romero,2.41,80,Rejected,6,Employed
Ramon Manalo,3.16,100,Rejected,3,Self-Employed
Victor Santiago,2.4,91,Accepted,1,Unemployed
Jelian Medina,2.32,85,Waitlisted,3,Unemployed
Jelian Castillo,3.24,77,Waitlisted,6,Employed
Leonardo Guerrero,3.24,96,Accepted,1,Unemployed
Sofia Cabrera,2.47,64,Accepted,6,Self-Employed
Isabel Abricia,3.94,96,Waitlisted,1,Self-Employed
Angela Fernandez,3.18,61,Accepted,5,Self-Employed
Oscar Pacheco,2.11,99,Waitlisted,5,Employed
Ricardo Torres,2.58,76,Waitlisted,1,Unemployed
Gabriela Ortega,3.67,93,Waitlisted,4,Self-Employed
Manuel Castro,2.22,79,Waitlisted,3,Self-Employed
Ramon Guerrero,3.17,83,Accepted,2,Unemployed
Roberto Jimenez,3.41,66,Accepted,1,Self-Employed
Rosario Torres,3.55,75,Rejected,6,Employed
Pablo Dela Cruz,3.0,89,Accepted,5,Employed
Rosario Gonzales,3.06,60,Waitlisted,2,Employed
Patricia Fuentes,2.16,79,Rejected,5,Self-Employed
Estrella Reyes,3.19,81,Rejected,3,Self-Employed
Raul Raya,3.5,87,Rejected,6,Employed
Gloria Santiago,3.5,81,Accepted,5,Employed
Hector Flores,3.11,61,Waitlisted,4,Self-Employed
Leya Sebuc,3.33,93,Accepted,5,Self-Employed
Oscar Vargas,3.13,80,Rejected,6,Unemployed
Sofia Villanueva,3.3,72,Accepted,2,Unemployed
Gloria Ramos,2.04,93,Rejected,5,Self-Employed
Marta Vargas,3.2,64,Waitlisted,3,Unemployed
Irene Garza,2.84,62,Rejected,2,Unemployed
Luis Ramirez,3.48,95,Accepted,2,Self-Employed
Arron Vargas,2.68,77,Accepted,2,Employed
Marina Suarez,3.44,100,Waitlisted,2,Unemployed
Olga Castro,2.4,68,Waitlisted,5,Employed
Gloria Cabuyao,3.36,84,Waitlisted,2,Self-Employed
Leonardo Castillo,3.19,90,Waitlisted,5,Self-Employed
Nadine Umali,2.31,60,Rejected,5,Employed
Maria Umali,3.68,66,Accepted,5,Self-Employed
Pablo Rojas,3.56,80,Rejected,3,Employed
Hector Vargas,3.91,98,Rejected,1,Employed
Belen Natividad,3.25,61,Waitlisted,1,Self-Employed
Shaane Raya,2.1,77,Waitlisted,3,Employed
Jomer Morales,2.44,82,Rejected,5,Employed
Andres Navarro,3.07,86,Rejected,5,Self-Employed
Eduardo Lucero,2.68,63,Waitlisted,4,Unemployed
Djojemar Fernandez,2.41,60,Waitlisted,1,Self-Employed
Angela Ortega,3.23,81,Rejected,2,Self-Employed
Andres Delgado,3.46,98,Waitlisted,3,Employed
Belen Cruz,3.74,70,Rejected,2,Unemployed
Shaane Guerrero,2.83,73,Rejected,3,Unemployed
Jomer Revilla,2.76,74,Rejected,6,Employed
Sofia Fuentes,3.94,73,Waitlisted,4,Unemployed
Gabriela Rema,2.98,100,Rejected,3,Self-Employed
Maria Guerrero,2.62,96,Accepted,6,Unemployed
Antonio Santiago,3.58,71,Waitlisted,6,Self-Employed
Marta Umali,2.38,89,Rejected,3,Self-Employed
Belen Abel,3.41,90,Waitlisted,5,Employed
Irene Reyes,3.02,69,Waitlisted,1,Self-Employed
Djojemar Mendoza,3.84,98,Waitlisted,6,Self-Employed
Felipe Ortega,2.16,76,Rejected,3,Unemployed
Ashley Gutierrez,2.05,84,Rejected,6,Self-Employed
Jelian Bautista,2.3,68,Accepted,5,Unemployed
Jose Dominguez,3.69,95,Accepted,4,Employed
Pedro Aguilar,3.63,67,Rejected,4,Unemployed
Pablo Mendoza,2.72,75,Waitlisted,4,Unemployed
Leonardo Cabuyao,3.16,60,Waitlisted,1,Employed
Art Vargas,2.74,81,Accepted,1,Employed
Roberto Garza,2.1,80,Rejected,1,Self-Employed
Isabel Raya,3.72,82,Accepted,5,Unemployed
Fernando Reyes,3.27,70,Rejected,2,Employed
Victor Rojas,2.96,98,Rejected,1,Employed
Beatriz Rojas,2.38,75,Rejected,1,Unemployed
Oscar Dominguez,2.58,70,Rejected,4,Unemployed
Nadine Suarez,2.43,74,Accepted,4,Employed
Eduardo Vargas,3.0,71,Accepted,2,Unemployed
Gloria Rema,3.64,98,Rejected,1,Self-Employed
Raul Pacheco,2.92,70,Waitlisted,2,Unemployed
Carmen Herrera,3.03,90,Rejected,1,Self-Employed
Rosario Gonzales,2.42,77,Waitlisted,5,Unemployed
Diana Morales,2.46,92,Rejected,2,Employed
Ashley Andres,3.65,74,Waitlisted,2,Employed
Alberto Silva,3.31,84,Rejected,2,Unemployed
Luis Delgado,2.92,76,Rejected,1,Employed
Leonardo Silva,2.17,95,Accepted,5,Unemployed
Alberto Vargas,2.32,96,Accepted,3,Employed
Marta Aguilar,2.1,82,Waitlisted,1,Employed
Carlos Delgado,3.16,76,Waitlisted,4,Self-Employed
Jomer Revilla,2.96,70,Waitlisted,2,Self-Employed
Belen Castillo,3.41,94,Accepted,3,Employed
Ramon Umali,3.46,98,Accepted,6,Self-Employed
Angela Gutierrez,2.0,68,Rejected,6,Unemployed
Marta Ramos,3.98,88,Accepted,3,Unemployed
Belen Gutierrez,3.76,83,Rejected,5,Unemployed
Angela Cabrera,3.97,71,Accepted,2,Unemployed
Diana Guerrero,2.81,60,Accepted,2,Employed
Ramon Castillo,2.22,88,Accepted,6,Unemployed
Marina Herrera,3.5,97,Accepted,1,Unemployed
Belen Cruz,3.35,86,Rejected,1,Unemployed
Juan Sebuc,2.77,76,Rejected,6,Unemployed
Leya Dominguez,3.85,61,Rejected,2,Employed
Juan Rema,3.97,100,Waitlisted,2,Unemployed
Ashley Rema,2.47,69,Rejected,6,Employed
Juan Castillo,2.16,88,Waitlisted,1,Employed
Milagros Vargas,3.91,73,Rejected,1,Unemployed
Carmen Natividad,2.88,96,Waitlisted,6,Self-Employed
Carlos Reyes,3.73,85,Rejected,4,Self-Employed
Andres Garza,3.62,70,Waitlisted,6,Employed
Isabel Guerrero,2.88,85,Rejected,6,Employed
Olga Mendoza,2.03,66,Waitlisted,3,Unemployed
Rico Romero,2.46,90,Waitlisted,5,Self-Employed
Roberto Ramos,3.15,66,Accepted,5,Self-Employed
Nicolas Delgado,3.0,62,Waitlisted,1,Employed
Alexie Mendoza,2.18,87,Rejected,6,Unemployed
Diana Mendoza,3.78,90,Accepted,5,Unemployed
Lucia Manalo,3.9,84,Accepted,3,Self-Employed
Gloria Alan,2.61,66,Rejected,4,Employed
Arron Herrera,3.51,76,Rejected,3,Self-Employed
Diana Abel,3.67,90,Rejected,1,Employed
Marina Garza,2.65,90,Accepted,5,Self-Employed
Jorge Castillo,2.13,97,Accepted,5,Employed
Hector Umali,3.56,73,Rejected,6,Employed
Pedro Aguilar,3.02,99,Rejected,2,Employed
Diana Dela Cruz,2.17,62,Accepted,2,Unemployed
Andres Herrera,3.29,62,Rejected,2,Self-Employed
Roberto Alan,3.21,100,Rejected,1,Self-Employed
Jorge Mendoza,2.8,64,Rejected,1,Employed
Alberto Herrera,2.33,68,Rejected,1,Employed
Diana Manalo,2.94,83,Rejected,4,Self-Employed
Rosario Reyes,2.1,88,Waitlisted,6,Employed
Rico Ortega,3.11,69,Rejected,3,Unemployed
Jose Silva,2.71,88,Accepted,4,Self-Employed
Antonio Medina,3.55,97,Accepted,4,Employed
Eduardo Herrera,3.74,85,Waitlisted,4,Self-Employed
Francisca Natividad,3.9,87,Waitlisted,6,Unemployed
Raul Suarez,2.22,100,Accepted,4,Self-Employed
Alexie Gonzales,2.22,68,Accepted,5,Self-Employed
Nadine Fernandez,2.57,78,Rejected,6,Unemployed
Jelian Fernandez,2.9,83,Rejected,5,Employed
Alexie Mendoza,3.68,90,Accepted,2,Employed
Ashley Alan,2.02,76,Waitlisted,2,Employed
Hector Alvarez,3.69,99,Accepted,6,Employed
Lucia Salazar,2.13,95,Rejected,1,Unemployed
Beatriz Ramos,3.23,91,Waitlisted,3,Unemployed
Jose Fernandez,2.45,85,Rejected,4,Unemployed
Eduardo Suarez,3.73,81,Accepted,5,Unemployed
Antonio Santos,3.08,65,Rejected,2,Unemployed
Jelian Silva,3.72,83,Waitlisted,5,Unemployed
Jomer Navarro,2.01,86,Rejected,6,Employed
Ricardo Torres,3.87,60,Rejected,4,Unemployed
Angela Abricia,2.56,64,Rejected,5,Self-Employed
Beatriz Guerrero,3.64,72,Accepted,2,Employed
Gloria Ramos,2.89,92,Waitlisted,5,Self-Employed
Milagros Lopez,3.83,65,Rejected,3,Unemployed
Leya Suarez,3.08,61,Accepted,2,Self-Employed
Juana Romero,2.83,70,Accepted,6,Self-Employed
Ricardo Santiago,2.8,96,Waitlisted,6,Employed
Carmen Delgado,2.26,60,Rejected,6,Employed
Raul Reyes,3.74,99,Rejected,3,Unemployed
Fernando Manalo,2.11,91,Rejected,3,Self-Employed
Ramon Ramirez,2.06,93,Rejected,1,Unemployed
Olga Jimenez,3.45,81,Waitlisted,4,Employed
Ramon Santos,3.84,81,Accepted,6,Employed
Juana Santiago,2.76,89,Accepted,3,Unemployed
Felipe Raya,2.85,71,Waitlisted,1,Self-Employed
Lucia Delgado,2.49,75,Waitlisted,1,Unemployed
Marina Abricia,3.18,93,Rejected,5,Self-Employed
Carmen Mendoza,2.04,95,Rejected,3,Unemployed
Djojemar Jimenez,3.5,83,Rejected,2,Unemployed
Alexie Castillo,3.18,73,Accepted,1,Unemployed
Irene Cruz,3.4,93,Waitlisted,5,Self-Employed
Dolores Zoleta,3.41,98,Accepted,4,Self-Employed
Ramon Cabrera,2.41,84,Accepted,4,Unemployed
Alberto Flores,2.02,94,Waitlisted,3,Unemployed
Luis Jimenez,2.57,75,Rejected,5,Unemployed
Olga Guerrero,3.19,95,Accepted,2,Self-Employed
Sofia Gonzales,2.15,81,Accepted,6,Employed
Raul Andres,2.15,66,Waitlisted,1,Unemployed
Ramon Herrera,3.04,83,Waitlisted,1,Self-Employed
Marta Dela Cruz,2.11,97,Accepted,5,Employed
Gabriela Castillo,2.69,67,Waitlisted,6,Unemployed
Art Gutierrez,3.7,97,Waitlisted,5,Self-Employed
Felipe Gutierrez,3.87,73,Accepted,2,Self-Employed
Djojemar Lopez,3.82,68,Accepted,6,Unemployed
Leonardo Castro,3.05,82,Waitlisted,2,Self-Employed
Jomer Manalo,2.86,69,Rejected,2,Self-Employed
Teresa Fuentes,3.24,62,Rejected,1,Employed
Carlos Medina,2.08,72,Rejected,2,Self-Employed
Estrella Mendoza,2.12,84,Rejected,6,Unemployed
Eduardo Manalo,2.7,73,Waitlisted,1,Employed
Antonio Lucero,3.13,87,Rejected,1,Self-Employed
Juana Ortega,2.9,92,Rejected,2,Employed
Juan Medina,3.24,77,Waitlisted,1,Self-Employed
Gloria Zoleta,2.11,70,Accepted,2,Unemployed
Jose Dela Cruz,3.81,89,Accepted,6,Self-Employed
Rosario Fuentes,2.91,80,Waitlisted,2,Self-Employed
Marina Cabuyao,3.39,83,Rejected,4,Employed
Rosario Guerrero,3.49,69,Rejected,2,Employed
Angela Guerrero,3.77,72,Waitlisted,2,Employed
Ashley Abel,2.25,81,Waitlisted,5,Unemployed
Manuel Umali,3.36,77,Rejected,1,Employed
Isabel Herrera,3.43,75,Accepted,6,Unemployed
Ramon Guerrero,3.78,71,Waitlisted,3,Employed
Lucia Cabuyao,2.46,89,Rejected,2,Employed
Leya Medina,3.76,73,Waitlisted,1,Self-Employed
Antonio Dela Cruz,3.13,99,Waitlisted,1,Employed
Shaane Pacheco,2.06,69,Rejected,6,Self-Employed
Victor Mendoza,2.43,93,Rejected,4,Self-Employed
Manuel Reyes,3.49,96,Rejected,3,Self-Employed
Pablo Suarez,3.69,98,Accepted,1,Unemployed
Diana Fuentes,2.12,70,Rejected,1,Self-Employed
Carlos Herrera,2.94,85,Accepted,5,Self-Employed
Gloria Villanueva,2.79,62,Waitlisted,5,Unemployed
Manuel Alan,3.91,67,Accepted,5,Self-Employed
Jomer Manalo,2.01,69,Accepted,5,Unemployed
Beatriz Navarro,2.16,68,Accepted,1,Employed
Oscar Guerrero,2.6,97,Waitlisted,1,Self-Employed
Eduardo Natividad,2.8,81,Accepted,6,Employed
Carlos Manalo,2.11,95,Rejected,1,Unemployed
Belen Delgado,2.23,82,Accepted,1,Employed
Dolores Pacheco,3.49,90,Accepted,2,Employed
Jose Santiago,3.82,60,Rejected,3,Employed
Nadine Garza,2.97,81,Rejected,3,Unemployed
Pedro Villanueva,2.53,98,Rejected,2,Self-Employed
Jomer Sebuc,3.58,68,Waitlisted,1,Employed
Raul Santos,2.8,68,Accepted,6,Self-Employed
Manuel Castillo,3.15,94,Accepted,2,Employed
Elena Flores,3.05,63,Accepted,1,Employed
Andres Torres,3.71,70,Accepted,1,Unemployed
Francisca Ortega,2.15,79,Waitlisted,4,Unemployed
Fernando Zoleta,2.69,89,Accepted,2,Employed
Pedro Garza,3.32,98,Waitlisted,1,Self-Employed
Alberto Morales,3.66,89,Accepted,1,Employed
Fernando Castillo,2.59,83,Accepted,4,Unemployed
Hector Abel,2.51,73,Accepted,2,Self-Employed
Jose Dela Cruz,3.66,76,Rejected,2,Self-Employed
Felipe Dominguez,2.8,70,Waitlisted,1,Employed
Manuel Guerrero,3.37,80,Waitlisted,6,Employed
Shaane Ramos,2.3,65,Rejected,1,Self-Employed
Beatriz Umali,3.05,74,Waitlisted,1,Employed
Estrella Fernandez,3.15,100,Accepted,2,Self-Employed
Arron Villanueva,2.11,86,Waitlisted,1,Self-Employed
Estrella Reyes,2.61,94,Waitlisted,5,Employed
Teresa Vargas,3.26,95,Accepted,1,Self-Employed
Jorge Vargas,3.24,65,Waitlisted,2,Unemployed
Estrella Gonzales,3.8,63,Accepted,3,Self-Employed
Milagros Delgado,2.82,94,Waitlisted,3,Unemployed
Victor Alvarez,3.77,99,Waitlisted,5,Unemployed
Shaane Herrera,3.67,64,Rejected,3,Self-Employed
Ramon Rojas,3.67,77,Accepted,5,Unemployed
Sofia Castillo,2.02,96,Accepted,5,Employed
Antonio Mendoza,2.08,79,Waitlisted,1,Employed
Hector Cabrera,3.92,65,Accepted,1,Unemployed
Jelian Dominguez,2.36,84,Accepted,6,Self-Employed
Ramon Pacheco,3.38,92,Waitlisted,3,Employed
Roberto Revilla,2.08,72,Waitlisted,3,Unemployed
Art Alvarez,3.01,89,Waitlisted,4,Employed
Arron Santiago,2.24,82,Accepted,5,Employed
Rico Dominguez,2.61,97,Accepted,4,Self-Employed
Elena Romero,3.85,62,Rejected,1,Unemployed
Belen Guerrero,2.29,61,Accepted,5,Employed
Rosario Aguilar,2.43,84,Accepted,3,Self-Employed
Dolores Delgado,2.2,81,Rejected,4,Unemployed
Luis Romero,2.77,91,Accepted,5,Self-Employed
Nicolas Santos,2.76,85,Waitlisted,2,Employed
Eduardo Torres,3.82,60,Rejected,2,Employed
Diana Salazar,2.15,92,Waitlisted,3,Employed
Maria Zoleta,3.07,67,Rejected,2,Employed
Art Torres,2.73,60,Rejected,6,Unemployed
Leya Castillo,3.02,88,Accepted,2,Self-Employed
Djojemar Castillo,3.16,82,Waitlisted,6,Employed
Francisca Mendoza,3.9,90,Accepted,5,Self-Employed
Beatriz Torres,3.23,68,Rejected,3,Unemployed
Victor Gutierrez,2.5,62,Accepted,1,Employed
Patricia Herrera,2.41,68,Rejected,2,Unemployed
Leya Alvarez,2.35,91,Rejected,4,Unemployed
Carlos Garza,3.6,90,Rejected,3,Employed
Irene Castro,3.09,97,Accepted,3,Unemployed
Ashley Rojas,2.05,72,Accepted,4,Unemployed
Leya Salazar,2.77,72,Rejected,5,Unemployed
Arron Bautista,3.26,65,Rejected,4,Self-Employed
Ashley Fuentes,3.33,60,Accepted,1,Unemployed
Jose Santiago,2.67,78,Rejected,4,Unemployed
Antonio Natividad,2.38,74,Waitlisted,4,Employed
Hector Alan,2.77,99,Accepted,1,Employed
Hector Cruz,2.61,69,Waitlisted,4,Unemployed
Alberto Alan,2.36,75,Waitlisted,1,Employed
Lucia Lopez,3.07,81,Rejected,4,Self-Employed
Ashley Gonzales,2.76,86,Rejected,2,Employed
Arron Mendoza,3.85,89,Accepted,4,Employed
Pablo Fernandez,3.41,66,Rejected,6,Employed
Djojemar Herrera,3.92,84,Waitlisted,4,Employed
Pedro Guerrero,3.64,93,Rejected,5,Unemployed
Sofia Romero,3.0,61,Waitlisted,2,Unemployed
Raul Umali,3.86,76,Rejected,1,Unemployed
Milagros Lopez,2.39,63,Waitlisted,1,Unemployed
Nadine Umali,3.42,78,Rejected,3,Self-Employed
Rosario Cruz,2.97,76,Accepted,4,Self-Employed
